{
  "best_params": {
    "learning_rate": 0.017826115658430553,
    "max_depth": 12,
    "min_child_weight": 3.5110400956253396,
    "subsample": 0.8552351876274983,
    "colsample_bytree": 0.5203491325725986,
    "colsample_bylevel": 0.636439161771222,
    "gamma": 2.4359346535197697e-07,
    "reg_alpha": 0.00217038677275064,
    "reg_lambda": 1.3555364763007913e-06,
    "max_bin": 256
  },
  "best_value_5fold": 0.9296860185278824,
  "mean_auc_10fold": 0.9317063116758139,
  "std_auc_10fold": 0.008745966398538349,
  "best_iters": [
    1344,
    629,
    650,
    982,
    681,
    882,
    1035,
    1125,
    1271,
    1069
  ],
  "device": "cuda"
}